{
  "type": "frost:the_frost",
  "generator": {
    "biome_source": {
      "seed": 0,
      "type": "minecraft:multi_noise",
      "biomes":[
          {
            "biome": "ice_spikes",
            "parameters":{
              "erosion": -0.7,
              "depth": 0.0,
              "continentalness": 1.0,
              "humidity": 0.5,
              "temperature": -0.8,
              "weirdness": 0.8,
              "offset": 0.5
            }
          },
          {
            "biome": "frost:icy_wastes",
            "parameters":{
              "erosion": -0.7,
              "depth": 0.0,
              "continentalness": 1.0,
              "humidity": 0.5,
              "temperature": -1,
              "weirdness": -1,
              "offset": 0
            }
          },
          {
            "biome": "frozen_river",
            "parameters":{
              "erosion": -0.7,
              "depth": 1.0,
              "continentalness": -0.15,
              "humidity": 1,
              "temperature": -1,
              "weirdness": -0.8,
              "offset": 0.9
            }
          },
          {
            "biome": "frozen_ocean",
            "parameters":{
              "erosion": 0.0,
              "depth": 1.0,
              "continentalness": 0.25,
              "humidity": 1,
              "temperature": -1,
              "weirdness": 0.4,
              "offset": 0
            }
          }
      ],
      "depth_noise": {
        "firstOctave": -7,
        "amplitudes": [
          1.0,
          1.0
        ]
      },
      "erosion_noise": {
        "firstOctave": -7,
        "amplitudes": [
          1.0,
          1.0
        ]
      },
      "continentalness_noise": {
        "firstOctave": -7,
        "amplitudes": [
          1.0,
          1.0
        ]
      },
      "humidity_noise": {
        "firstOctave": -7,
        "amplitudes": [
          1.0,
          1.0
        ]
      },
      "temperature_noise": {
        "firstOctave": -7,
        "amplitudes": [
          1.0,
          1.0
        ]
      },
      "weirdness_noise": {
        "firstOctave": -7,
        "amplitudes": [
          1.0,
          1.0
        ]
      }        
    },
    "seed": 0,
    "settings": "frost:the_frost",
    "type": "minecraft:noise"
  }
}